name,intercept,size (cm),weight (g),is_male,is_sick,age (y),max_speed (m/s)
Hanlsli der Traurige,1,18.31700333196911,247.70837301591263,1,1,1.7248059199223376,2.0693872180261152
Belinda die Schnelle,1,10.872650444649,255.42225917488005,0,0,3.274814290388682,2.841038286746273
Belinda die Listige,1,18.500254989273035,361.5669370410564,0,0,5.507829624028906,2.19330270469109
Belinda die Sture,1,13.588787071136307,251.8808019523644,0,0,8.563700593946798,1.750193820243699
Eva die Listige,1,23.00191009045809,393.79500478168006,0,0,5.051768686128515,1.6974478667191235
Sandra die Gescheite,1,21.177431970334545,353.3122367520607,0,0,6.853119287797202,2.0219918932058003
Mauro der Kuriose,1,26.150271242389167,408.8362528249763,1,0,8.739122484487963,1.643455956999588
Eva die Gefrässige,1,13.426598349157452,133.71641995867606,0,1,5.541661644105665,2.9541473687283704
Petra die Listige,1,13.06805819221922,430.2339101032135,0,0,2.366973178862187,2.498698445465521
Claudia die Lustige,1,26.63827476237104,458.663963764312,0,0,1.2707426427206403,1.5934259851025745
Claudia die Sture,1,13.511813136847252,335.69806368039843,0,0,3.1147983529858045,2.919679270720551
Robert der Faule,1,17.35075814266456,354.752307702798,1,0,6.74790070452648,2.105920635911287
Herbert der Weise,1,24.05294003025755,459.3285139379039,1,0,3.9627501769933695,1.7026669586071217
Gerda die Gescheite,1,28.796109311835725,483.4856640985296,0,0,7.022002219717484,3.1990372701809093
Claudia die Lustige,1,27.79502667910149,484.5816919447768,0,0,0.281086533050584,2.4190438491950443
Belinda die Gescheite,1,10.925043749876677,242.9447011511347,0,0,4.819350920446559,1.4266226117550262
Claudia die Gefrässige,1,24.016087505500312,353.24078116268873,0,1,2.4213667227701974,1.1036496006918046
Mauro der Traurige,1,24.18621503099773,329.4379867673849,1,1,7.75698116219815,1.8737554104632703
Belinda die Sture,1,20.39035440166728,413.55409835266073,0,0,0.2628117864596269,2.0518107484667354
Eva die Listige,1,24.06142014926667,410.96975060073873,0,1,0.1134815895594942,1.9571512768064705
Eva die Listige,1,12.141705678906334,305.0534346126651,0,0,3.0827004033996253,2.7830721476338502
Peter der Faule,1,26.263249209587787,465.30276871794587,1,0,4.224247537930932,2.745195271756656
Petra die Sture,1,15.645273123941896,329.2490410193656,0,0,4.979651716462908,1.525951147795126
Gerda die Listige,1,12.880376722285565,332.53124977769886,0,0,1.4239324659506825,2.234280924819636
Herbert der Haudegen,1,27.542583226526894,430.9945820408752,1,0,1.926522399092604,2.188083065910112
Eva die Listige,1,24.160822464483942,450.2863257241317,0,0,1.8053772833709925,2.104735126795929
Sandra die Listige,1,27.965925667000164,431.8057356933975,0,0,7.249302615343512,2.169131226315405
Adalwolf der Kuriose,1,22.239718494939204,472.3055071189458,1,0,1.7825993367387094,1.5086666732090253
Robert der Traurige,1,19.490444170368463,270.2767018436008,1,0,3.093063210573667,2.687367593527851
Peter der Weise,1,18.614361794402463,358.63645412549727,1,0,9.495696618884748,1.442182736261752
Robert der Kuriose,1,15.061015935827433,219.89557429404823,1,0,5.805366207835245,2.248567287997987
Petra die Gefrässige,1,14.818606292180966,345.7306498520349,0,0,4.635312072421898,1.7491972129813924
Eva die Schnelle,1,24.427576147797893,387.3954203782722,0,0,0.505302442809058,2.435449237189332
Sandra die Lustige,1,20.6061893845318,370.2201581363851,0,0,6.862613330794786,2.338257012540835
Gerda die Sture,1,14.595562068312304,396.9857118223583,0,0,0.2323617905102093,3.1473012529252005
Belinda die Sture,1,13.318659926020375,291.00601639538297,0,0,8.455415830115863,2.234338336511574
Robert der Agile,1,26.38626236818719,400.1933688875517,1,0,7.54004359826217,2.7195711215388965
Eva die Gefrässige,1,26.797280634029818,429.9867417974345,0,0,3.0144658345718423,2.342346411327066
Kunigunde die Gefrässige,1,19.594346678595503,359.60339421857185,0,0,0.3506008426066609,1.690355763949863
Kasper der Haudegen,1,16.196337455205985,235.4054444181573,1,0,9.655618550562068,2.317690152803732
Mauro der Weise,1,28.022801655772525,571.8209140140472,1,0,4.902035319000587,1.718808641091924
Petra die Listige,1,13.755298117494933,302.4689310313111,0,0,7.117093078976005,2.4419889292106625
Kasper der Haudegen,1,17.020272150962086,344.1715363731631,1,0,6.78129361943527,1.5197917110378
Kunigunde die Gescheite,1,11.92915610794629,301.1274797144844,0,0,6.898459226231037,1.7081522247848642
Robert der Kuriose,1,29.45331689486933,602.5942793171307,1,0,1.811142277303781,2.019058962968709
Mauro der Weise,1,24.97560819192105,521.5671534547727,1,0,3.5304549806735963,1.4266443670779236
Hanlsli der Haudegen,1,19.915026921994126,159.0088691320917,1,1,6.319538903814413,2.489456206891342
Gerda die Gefrässige,1,12.134018566285716,338.5804464806343,0,0,3.0038654161675398,1.978693777183265
Hanlsli der Weise,1,11.061925853389983,270.730090268343,1,0,0.6173802176778587,1.730505950375275
Claudia die Gescheite,1,21.544008205216876,278.94912483827056,0,0,5.690646381453456,2.046749978842377
Mauro der Faule,1,26.312405522673,533.5851204261259,1,0,0.2646888633143074,1.8044939088664784
Eva die Schnelle,1,23.04732972345967,419.0594918581462,0,0,0.1756628099555235,1.412382689770689
Claudia die Gescheite,1,29.23623814722225,477.1642605081241,0,0,9.345258941023824,1.9215102337635008
Gerda die Sture,1,14.423119469905624,319.2884457568092,0,0,2.6630473330263458,2.499792071232464
Peter der Weise,1,21.71852431572072,366.5922976836987,1,0,3.221316058855284,1.776841903060205
Herbert der Agile,1,15.775319386464076,211.9344035105937,1,1,3.382607133564404,1.1352062369313731
Adalwolf der Agile,1,11.79163880135367,329.2883285024644,1,0,5.838513392987281,1.6086909531838574
Peter der Faule,1,21.76558242947956,345.8726392383111,1,0,7.810888380556397,2.7560077888439336
Mauro der Weise,1,13.017901145504652,260.33776377368446,1,0,4.7333176977193006,1.3274084378688285
Mauro der Haudegen,1,11.792161559955336,340.60524126374014,1,0,1.6145920728376428,2.2801921542717967
Adalwolf der Traurige,1,29.22114739312924,386.9139865946168,1,1,3.446372415218757,2.225816573355518
Hanlsli der Faule,1,17.142513890291482,247.369104496475,1,1,8.921020455075437,1.7548448884307035
Kasper der Agile,1,22.73350219733078,442.2621620395687,1,0,3.5399319060533143,2.1387046277119
Petra die Lustige,1,28.842684533656776,447.1379676344218,0,1,1.6354023267118312,0.972017157791873
Belinda die Gefrässige,1,21.60491506567837,320.6611879493944,0,0,4.076536307317047,2.010551226716511
Kasper der Kuriose,1,20.317500938301624,378.95090837856645,1,0,9.507240439897648,1.5756576499548791
Robert der Weise,1,15.01679939870743,354.0576879546652,1,0,3.243300785748473,1.831308225546013
Herbert der Agile,1,14.905177747597598,380.6306626890116,1,0,1.1294056017629497,2.6265137897732678
Kasper der Traurige,1,18.518203387755975,292.0005044633276,1,1,1.1064989168147044,1.4698671257505065
Kunigunde die Gescheite,1,21.746065299324187,250.4504816668909,0,0,8.498275498613136,1.3590170472446117
Adalwolf der Agile,1,26.250945295922516,321.80426882610857,1,1,2.767381115229118,2.378887136942173
Herbert der Haudegen,1,18.12376907967565,324.17988946318326,1,0,8.915562563920439,1.523358852924125
Eva die Lustige,1,17.712121792909358,311.02784453508,0,0,0.4819154964465788,2.0229352035075543
Belinda die Sture,1,14.656601869393418,283.9070276866578,0,0,9.034349700095609,2.182091471908848
Claudia die Sture,1,11.639456381280688,258.9273060125688,0,0,3.605873118351744,1.5096265954093493
Herbert der Faule,1,26.429816679419982,486.6983561733988,1,0,0.4741029445868105,2.464751816132797
Sandra die Gescheite,1,20.781079066884395,403.59925376564615,0,0,1.0444374573950266,2.582539303938252
Petra die Lustige,1,17.50856862371421,309.44118524241696,0,0,4.693321110462239,2.161696637008034
Hanlsli der Traurige,1,22.836762037847173,358.2559094757676,1,0,9.63491704260846,1.5049793254544928
Gerda die Schnelle,1,10.122628380355165,180.57217458309972,0,0,1.3097322076366724,1.592713641548562
Kunigunde die Schnelle,1,14.728558351433207,410.3144988774364,0,0,0.3693189950932651,2.267326042149378
Kunigunde die Gescheite,1,12.81823024313928,385.6329920976369,0,0,7.225020790091252,1.1457162561922511
Kunigunde die Schnelle,1,11.285039011985424,327.700210100189,0,0,8.777756707720613,2.8301678107608645
Kasper der Kuriose,1,13.168836330382662,279.22766304408776,1,0,5.898428659596916,2.102986372766388
Kunigunde die Lustige,1,16.020356158219634,307.30353577336336,0,0,0.4363931248546615,1.4262067951996236
Claudia die Gefrässige,1,26.28432423523953,455.2971990058821,0,1,4.06114316995642,1.7630135569553051
Peter der Agile,1,18.29857296700376,339.74413401595405,1,0,8.257411225295822,1.8798381927534435
Herbert der Haudegen,1,21.74308127726929,420.11748284654266,1,0,4.428100011340646,1.3075895685954126
Hanlsli der Kuriose,1,14.66481027613102,227.1589842376327,1,0,9.485195902053464,1.8633607487383088
Herbert der Traurige,1,14.09246577722907,275.581817064094,1,0,9.928471437201168,3.0648515867909936
Sandra die Gefrässige,1,24.87324380209845,423.7662059400641,0,0,1.5059430320172351,1.8254049715069445
Robert der Agile,1,15.131386732292142,354.64496174534474,1,0,0.3303549028964825,2.251579022271856
Belinda die Lustige,1,29.66629975548726,572.2236260156654,0,0,0.7045166759260779,1.461981243459294
Mauro der Traurige,1,15.908683186475535,264.72994384665634,1,0,7.499853613177621,2.0551334966059653
Hanlsli der Weise,1,22.238078600981705,405.8873677002056,1,0,5.764705731010135,2.411105478044791
Kasper der Weise,1,13.088146029524578,326.9235679569809,1,0,0.0326869527144724,1.5151094065299526
Herbert der Agile,1,22.234476422626408,371.98749247454936,1,0,3.6371196695680528,0.9292707188534785
Hanlsli der Kuriose,1,12.0398414610482,227.67299861038225,1,0,5.203032077863555,1.4386618389343553
Belinda die Schnelle,1,21.537780183114577,351.0204856910024,0,1,4.024900884844528,2.491035628472725
Herbert der Weise,1,18.184806563789547,276.3725616876086,1,1,4.151912313588076,2.1180872553434016
Peter der Kuriose,1,15.915264842428329,310.2363200420446,1,0,6.945756440244342,2.6562261191897
Robert der Traurige,1,22.18434207129543,239.3883469125373,1,1,5.011911244807439,1.97718064297456
Sandra die Gefrässige,1,25.877169777824918,425.10695199439374,0,0,8.910960647770601,2.3509970749567874
Sandra die Schnelle,1,16.420616503580284,339.0100289644654,0,0,9.47137695397436,2.1328513914800458
Robert der Traurige,1,24.559117881304136,396.6508927168587,1,0,6.95486694620108,2.3672108304544484
Kunigunde die Schnelle,1,26.823538152174383,469.6821639326977,0,0,8.36567953634525,1.1093249411885568
Hanlsli der Agile,1,16.816409773507097,340.9364838725912,1,0,2.439689723455251,0.6773864877183655
Kasper der Weise,1,16.60260265160269,317.62470615867835,1,0,9.64168612126008,1.3839310630195008
Petra die Listige,1,12.552753814860118,249.613898372826,0,0,3.2053265673256206,1.320577541589048
Claudia die Gefrässige,1,29.030853202059724,495.5076448906306,0,0,4.159936480152049,2.452496010304696
Herbert der Weise,1,17.80170419494457,366.1026123710575,1,0,4.692492439789011,1.6530502202738389
Herbert der Agile,1,21.162676361309863,229.40050206530424,1,1,7.759695567714439,2.95830642018883
Eva die Gescheite,1,28.925344794477752,505.0200952775686,0,0,0.3409354342741189,2.759989412276941
Hanlsli der Kuriose,1,21.227338251930075,332.1735205347539,1,0,4.980011536863,1.5873575289558168
Kunigunde die Listige,1,25.06714582090667,374.3682806195063,0,0,9.434570662077652,1.828683023671324
Herbert der Haudegen,1,20.41947571578604,314.94388452438994,1,0,8.171323871031564,1.562527169198409
Peter der Haudegen,1,19.037039816615625,345.8650122216189,1,0,6.910440747885732,2.255732902492901
Belinda die Gescheite,1,21.83748915904951,200.62978115681585,0,0,9.241376893052148,2.045861518223589
Adalwolf der Weise,1,14.610556860678637,265.95946746566744,1,0,9.93595101818702,2.34436887897676
Claudia die Schnelle,1,22.8715005309648,478.26978843420846,0,1,6.025082140351175,2.5749358049832787
Claudia die Lustige,1,20.02214487554692,431.3470210183727,0,0,1.8669149648692476,1.200975589422606
Belinda die Lustige,1,18.222034202323044,357.8366983022365,0,0,3.483478029052499,2.144835730773291
Kasper der Haudegen,1,13.00347424323095,285.23589810560486,1,0,0.6404318839902767,2.1070384637282484
Petra die Gefrässige,1,14.227976579223924,286.1887493202427,0,0,6.523935885878834,1.1002376110923364
Gerda die Listige,1,18.501685416875404,237.2522877582771,0,1,6.286659980334717,0.951216169829774
Herbert der Haudegen,1,24.866994495402157,406.47060273794426,1,0,4.950316000885536,2.1503002449865822
Eva die Schnelle,1,10.228183466481813,277.4760540649164,0,0,6.348431683961256,2.888229459969982
Belinda die Listige,1,26.535045431750483,423.0359369879847,0,0,1.5633678708153642,2.4400298722303995
Claudia die Gefrässige,1,10.51898583141278,115.5859197752982,0,1,2.203163829781796,2.32306964435088
Belinda die Schnelle,1,17.586929978479898,366.4200340730302,0,0,4.643461082246667,1.822639957609841
Robert der Weise,1,12.744780089178834,292.2518081233126,1,0,1.9731660078248747,2.2160616475118777
Claudia die Schnelle,1,23.314720751172707,373.2904059714229,0,1,6.088915663540867,1.3919112947493677
Peter der Weise,1,23.693435972173425,407.22928037130856,1,0,8.976743707469165,2.370260780220885
Hanlsli der Weise,1,29.517060794504,506.0852051764728,1,0,9.618017005857777,2.682352252048608
Kasper der Weise,1,28.534894109201023,381.474601976985,1,0,9.537258701339727,1.9076336292993996
Adalwolf der Kuriose,1,23.49578143664329,263.1655584647227,1,1,7.462479801100702,2.574140439937352
Gerda die Schnelle,1,22.45226989511675,421.5276020255354,0,0,9.551754218307808,1.212315455649848
Robert der Haudegen,1,16.713410673621823,292.33077348987825,1,1,0.354824189998113,1.8994994220256327
Belinda die Schnelle,1,23.39612634069698,390.95879600984455,0,0,7.759244246989518,2.494481411191306
Eva die Sture,1,14.59290893527122,380.5702347841736,0,0,3.4492829964930194,2.7634727306008084
Kasper der Traurige,1,26.21563596270989,399.7834417897156,1,0,6.733037178503412,2.4759235138430578
Robert der Agile,1,17.291812372704122,403.9786834477627,1,0,5.136608635835431,2.960142334866135
Claudia die Lustige,1,23.34987048926284,413.2243159313765,0,0,0.1464411214766414,1.754875668051122
Sandra die Gescheite,1,14.764244243793014,227.25642010239892,0,1,4.879330795623488,1.2655214521719684
Peter der Weise,1,11.651421431379996,309.9130480014644,1,0,6.253283002176238,1.8486574761440149
Adalwolf der Kuriose,1,19.50961748361429,387.3359223436708,1,0,6.339401672119992,2.748688186376812
Eva die Listige,1,13.283374919688114,275.0592846930955,0,0,5.422703850134858,2.54523473101367
Sandra die Sture,1,20.481295514367943,294.2853616758394,0,0,9.057430669330682,2.5261582781232867
Eva die Lustige,1,17.43890736550287,337.3065507346075,0,0,0.9660983294200564,2.288151265097417
Eva die Listige,1,23.092282119641613,382.3604878859346,0,0,8.095056523648692,2.2413143985766566
Peter der Haudegen,1,18.81448464485985,254.79618218859335,1,0,8.35473349840569,1.7204174277199549
Herbert der Haudegen,1,21.15229290025945,365.3633968102077,1,0,5.797481471991059,2.042367703446272
Eva die Sture,1,10.978782790485416,169.95213749814255,0,0,8.956790915272803,2.1626956009828318
Claudia die Gefrässige,1,16.59380345480111,262.1358940899088,0,0,1.0854116638657607,2.498959687609273
Mauro der Faule,1,10.181333583613236,242.776354379509,1,0,3.697739127738127,1.697169366080436
Peter der Faule,1,26.426862349168548,521.0287687666371,1,0,2.7778517970112198,1.9342373268516555
Kasper der Traurige,1,29.83553208635239,365.6768489009066,1,0,0.3835474673400063,1.388842114703342
Hanlsli der Weise,1,23.639355262894995,414.4220887754405,1,0,4.936334612201419,0.9386990147787616
Claudia die Listige,1,15.920163964416837,234.77662222547065,0,0,6.022444929586631,1.1974213794333894
Petra die Gefrässige,1,12.48629464714356,294.9909776293952,0,0,4.401377446259139,2.21758501678507
Eva die Lustige,1,25.21358109814068,450.62067501587103,0,0,2.694663896672896,1.4467256951880545
Mauro der Agile,1,11.692466218175472,159.21108917551874,1,0,8.567204003346278,2.062351081503519
Kasper der Agile,1,29.227239218058862,387.9085357040654,1,0,3.501633080791396,2.4318155639272847
Herbert der Agile,1,27.336566329741466,379.9616965163475,1,0,1.056295061145659,2.0367430398540662
Adalwolf der Kuriose,1,23.62655079569007,542.7244742475098,1,0,1.4021322160243088,3.6971292457244
Eva die Listige,1,29.319890305488972,381.2161337910893,0,0,9.008925452092356,2.039477884892239
Petra die Schnelle,1,26.740431105803246,428.6435472769194,0,0,8.185324789280832,2.469180565192132
Belinda die Sture,1,16.73008736375627,353.69559543581016,0,0,2.8125180397413576,1.8660316402988453
Robert der Kuriose,1,22.39050710942695,367.68395573251496,1,0,8.396265526777242,2.485860108361293
Robert der Traurige,1,22.74175621038342,372.9256030715817,1,0,9.854548585951772,2.085039716949713
Kunigunde die Listige,1,29.16580127553689,459.1075204956748,0,0,3.9990288369698512,1.88748606945534
Sandra die Lustige,1,13.696547806857698,303.0463408209348,0,0,0.6689510364756779,2.0767604795859667
Robert der Traurige,1,25.22408952762795,433.7017698085633,1,0,8.018307770716033,1.3322989440158386
Peter der Haudegen,1,11.667402181806883,170.81703608321112,1,1,3.828933542549655,2.154868070815574
Herbert der Agile,1,25.15158349023234,378.6781654111746,1,0,2.5281784760544888,1.406840073718118
Adalwolf der Agile,1,22.389781342451563,446.53093700199753,1,0,1.1068506142316648,1.6852053560806857
Hanlsli der Traurige,1,11.693578393210244,250.19296245459844,1,0,7.937839992215085,1.1111290724263323
Sandra die Gescheite,1,25.828078592378567,368.9921285187193,0,1,3.139094364552988,1.946987451543609
Gerda die Sture,1,17.06831226264988,380.4184256569977,0,0,1.2028268288903754,2.6945755992113254
Kasper der Kuriose,1,27.7054002603196,490.6571573033112,1,0,6.711742054746036,1.5859194678940245
Herbert der Weise,1,29.59320720236853,492.54442474277306,1,0,5.547828785279925,2.526436817760656
Eva die Sture,1,29.010857813305147,504.4628437092864,0,0,5.947149333104397,1.868348434659149
Sandra die Listige,1,11.26998204571095,226.8097360718846,0,0,5.265362973296427,1.4971919344940612
Kunigunde die Gescheite,1,21.30920400097908,410.4691231548322,0,0,0.180464157579554,1.8925107844747693
Eva die Sture,1,24.10491217556938,405.2734625369419,0,0,5.750087521754472,1.448060731032148
Kasper der Traurige,1,18.759201092384934,479.7831076430079,1,0,5.480699168216785,3.708549129079136
Petra die Schnelle,1,28.757513062213288,501.8674817514045,0,0,4.854358127848569,1.377327166294258
Belinda die Listige,1,18.70670811849573,268.96262882345724,0,0,9.722868944671202,1.1074419391708403
Belinda die Schnelle,1,25.259122972003382,486.9147274634748,0,0,0.6422913412716347,1.6584593676950483
Hanlsli der Faule,1,12.639491776904888,216.18287302749724,1,1,5.803465708252922,1.6109305556121072
Adalwolf der Traurige,1,13.628711193117962,240.46692608142803,1,0,7.420041881688557,2.555262295355651
Belinda die Listige,1,19.8406081448128,406.9267697553756,0,0,5.829312393459033,1.2106655668082285
Petra die Sture,1,16.643534628765792,352.81284610748384,0,0,8.060324577245567,2.0562206981030964
Peter der Weise,1,10.932365955756588,230.96075424986356,1,0,8.36059771752279,1.8051863758295823
Kasper der Faule,1,13.030814562294008,323.94945123270463,1,0,5.668344190350069,1.1728554825709256
Kasper der Agile,1,24.69243959566912,591.0793271925158,1,0,8.635208013897842,2.4323672288566387
Kunigunde die Listige,1,21.34266577618576,389.06635454747646,0,0,7.302903325620874,1.7212411696180074
Peter der Traurige,1,10.59571630797639,236.22265217841283,1,0,1.60562089919144,2.184389270713754
Mauro der Agile,1,19.472629916279036,338.15462648580586,1,0,3.4814291900566974,2.451376427910115
Petra die Lustige,1,15.382372462677452,272.08114439364124,0,0,8.783401570352714,1.672135750827236
Herbert der Agile,1,12.905359298501658,237.00777260441163,1,0,5.213064355167924,2.0553423691813637
Petra die Listige,1,16.26526604244713,343.7442505122189,0,0,1.687770226689147,0.922667746953434
Gerda die Schnelle,1,13.82179226342898,272.2654193728214,0,0,7.891315851795923,1.4245531241936868
Hanlsli der Agile,1,17.99335564318918,476.78594451398607,1,0,0.0444649021143128,1.0469396771665798
Kunigunde die Schnelle,1,19.47260649405077,313.13897616282696,0,0,5.936568684305653,1.7564303721704355
Sandra die Schnelle,1,17.657093787061726,378.8212929717508,0,0,6.180709335873054,1.6555955475102282
Peter der Kuriose,1,27.59671125717028,455.6339995665879,1,0,3.8263417131548234,1.1794976958872994
Mauro der Kuriose,1,14.257162061672004,349.9365214474227,1,0,1.4900173987306586,1.832028945836647
Hanlsli der Weise,1,27.666583528197936,408.22171113445177,1,0,7.387109748349992,1.753871624786491
Claudia die Schnelle,1,10.82597126249846,210.71414047176756,0,0,7.096915933451386,1.409141731836428
Herbert der Kuriose,1,24.628292799208808,509.7968447000735,1,0,7.963658933520007,2.1202031796849488
Mauro der Haudegen,1,14.563244822661316,366.7790614840808,1,0,6.772261208459746,1.4442546682156094
Mauro der Weise,1,25.80283075375272,423.6189631310027,1,0,7.78973306796053,2.227957658637195
Eva die Listige,1,22.87263961343376,358.21833192588065,0,0,1.4479139556268328,2.1028165781671357
Adalwolf der Traurige,1,17.924611222974452,311.8727161171266,1,0,5.882382919470414,2.368883417048238
Adalwolf der Traurige,1,28.88756990756806,572.3290361064215,1,0,0.6208621981967322,2.214103037324645
Adalwolf der Traurige,1,12.830150492123922,257.07873028747275,1,0,8.368634873642414,2.655565507804819
Adalwolf der Agile,1,28.648568023996937,505.2422322214279,1,0,3.358020330380116,2.260468092979315
Sandra die Sture,1,18.72337254205463,368.77238010352073,0,0,7.33972897311392,0.919839282691765
Robert der Traurige,1,13.12337619382216,328.178454515381,1,0,5.38495282928441,1.7883875861394365
Mauro der Weise,1,24.985266472236106,362.15665802028855,1,0,2.2817245738016734,1.21263671786143
Robert der Faule,1,16.16463187281542,381.2093412427881,1,0,0.634983705204325,2.512750584591965
Petra die Gescheite,1,15.640130973561543,236.0731161331921,0,0,8.194867229420442,1.9574285294316047
Herbert der Faule,1,13.594362441727151,286.80283236341944,1,0,3.024310579622216,2.235439479021256
Peter der Traurige,1,14.821529154050278,321.6194630951867,1,0,1.3134743045556607,2.3904060204184976
Herbert der Kuriose,1,11.66095358528514,296.0379932359176,1,0,6.511231779671083,1.9550905673855263
Kunigunde die Gescheite,1,28.43136480835122,477.08335805586535,0,0,6.097434220957695,2.573997850309847
Gerda die Gefrässige,1,26.20832931940511,529.4924999085374,0,0,3.7728132181938734,1.8623245731616551
Claudia die Gescheite,1,28.71240509266442,428.3137075886428,0,0,9.539345306700348,1.4960848310100516
Peter der Traurige,1,21.70816037176434,478.2241914046825,1,0,3.651930348397516,1.4414718283086594
Peter der Faule,1,22.495554654293898,460.48982564396186,1,0,4.889304434323451,2.547562083100115
Herbert der Kuriose,1,18.430142810401065,421.90491773332417,1,0,3.704630358655201,2.274040984677524
Gerda die Schnelle,1,19.508805037185414,320.7895062468156,0,0,9.404676710062729,2.501553491065915
Claudia die Gefrässige,1,29.69898154039706,500.0039959028916,0,0,1.25932071506757,1.0785080482312217
Herbert der Faule,1,17.96762514096777,249.0165848677069,1,1,2.8168323728191003,2.0475540693435303
Mauro der Kuriose,1,27.85905911195508,508.7758573540531,1,0,5.753032598571623,2.256475575968388
Belinda die Sture,1,20.183575801429424,378.3505061859848,0,0,4.149019608474753,2.648402942355372
Eva die Gescheite,1,19.992387775925994,402.4254573432055,0,0,5.05218340841971,1.9641510600220604
Kunigunde die Lustige,1,20.80685986401848,373.34899449285126,0,0,3.86020950406917,1.617818357664203
Adalwolf der Kuriose,1,13.987296260003346,343.68767936244586,1,0,1.789843476404206,1.7149109849233093
Eva die Sture,1,26.8467841846278,415.55634974787927,0,0,9.230434053171846,1.676395048147869
Claudia die Schnelle,1,11.694032048108625,236.90379047306533,0,0,0.5220740638740795,2.357083600326205
Peter der Faule,1,11.173651817400032,261.66631724808093,1,0,4.962988758185837,1.9908064456970236
Sandra die Gescheite,1,28.09962704381608,497.8230444548566,0,0,5.098104283248642,1.2610421462648536
Eva die Gefrässige,1,20.887948737017304,372.7083572539036,0,0,3.4641697954314044,1.823302406623008
Mauro der Faule,1,18.144973361848717,323.86256525027954,1,0,1.7386879379512157,2.903469696477717
Belinda die Lustige,1,18.60952011600207,239.7200743408712,0,0,8.744640282326907,2.7584182369745784
Mauro der Traurige,1,18.70671944635344,389.3552487195144,1,0,6.072654661134139,1.3871625259635605
Claudia die Sture,1,25.087957665220458,396.9298183701741,0,0,2.1545224175372493,1.6213589279638536
Herbert der Traurige,1,29.819517155494182,554.6872953308574,1,0,8.712266081691523,1.639534277090294
Claudia die Gescheite,1,24.38904102999947,496.7135436139916,0,0,1.4013883022581175,1.1813545790195643
Hanlsli der Haudegen,1,17.355516527514528,301.5455897316663,1,1,4.251497988125256,1.7207505257110254
Peter der Faule,1,20.155725771021373,382.02493302822273,1,0,9.023423310768292,1.3252615967176582
Claudia die Listige,1,28.51392569394601,429.3151602083716,0,1,1.5147775778697503,1.7314320486961217
Claudia die Sture,1,10.797496036273612,178.09174333602704,0,1,5.9054674879530165,1.7137385541070227
Hanlsli der Kuriose,1,13.426047862790885,293.0545174252795,1,0,5.744860852576235,2.104053919419502
Peter der Faule,1,29.063471445022078,423.7495345062214,1,0,6.858355504017655,2.899090578247673
Belinda die Gefrässige,1,11.37830451358422,255.10686055000744,0,0,4.531452379355043,2.403141565445487
Peter der Weise,1,27.80518077999738,425.1694746101667,1,0,0.1461612415728752,2.900244740570286
Kunigunde die Gescheite,1,18.428055904823065,334.73130923955455,0,0,7.618713088741833,2.641013775542191
Belinda die Gefrässige,1,26.78115249989954,476.00262333299855,0,0,5.312042084920434,1.703614503603515
Kunigunde die Gefrässige,1,15.098568897978382,355.77229710613494,0,0,2.9226873900158976,1.9557653670611492
Kasper der Faule,1,11.116824052635844,184.3463070420776,1,0,6.417630825567382,1.5872034407741529
Sandra die Lustige,1,10.829568167165242,311.69980286528954,0,0,7.889576973964071,2.001348507771246
Robert der Kuriose,1,11.489159149476205,337.19813538339866,1,0,9.776816876263124,1.804127700450561
Kasper der Kuriose,1,18.67966414036144,232.3979414544877,1,0,9.877130521615804,2.2931158762238795
Hanlsli der Haudegen,1,11.838917374333205,163.59903123270698,1,0,8.667529922622963,2.550950475275374
Robert der Haudegen,1,22.27431802589525,409.7038862254007,1,0,6.4441781428573295,1.7880710695968465
Robert der Kuriose,1,10.699669757173604,261.298704888691,1,0,1.276485768035951,2.643714173208763
Eva die Sture,1,18.76141562618911,351.6177198223184,0,0,6.251542780425536,2.129236098366515
Hanlsli der Traurige,1,12.9051026249996,278.0667403562546,1,0,2.348226168590999,1.8025657798209656
Gerda die Listige,1,19.4967141030783,384.2766996146083,0,0,8.334278073385121,2.010770763934392
Sandra die Lustige,1,12.240443425176045,345.9497003793773,0,0,0.5706591626761615,2.311560703375889
Mauro der Haudegen,1,26.889439674491182,584.4334956504199,1,0,4.286037697466841,2.1423131214840363
Claudia die Listige,1,14.278162909061535,282.05325640316096,0,0,6.148280017030733,1.9366695415280688
Gerda die Schnelle,1,19.395980630127823,325.3330052840433,0,0,7.645874106879504,2.538162579972463
Sandra die Schnelle,1,16.434348020976763,296.3003477623952,0,0,1.6582737398421543,2.9760123367238087
Peter der Haudegen,1,22.11810935984116,313.1985892521996,1,0,7.065272451762644,2.627699890470943
Peter der Haudegen,1,17.194318805707326,410.943172179352,1,0,0.1645601901148674,1.3542431538791866
Eva die Sture,1,18.56355812139068,210.6370712003365,0,0,2.405765435506847,2.6581891509191524
Belinda die Lustige,1,24.12663086349954,366.26086119738136,0,0,8.811829490728288,2.2397927415546746
Gerda die Gescheite,1,13.814230286882426,407.5656388888449,0,0,5.871569583045327,2.324515412131951
Mauro der Traurige,1,28.291747398648717,447.6839106505898,1,0,6.083111412913872,1.1929321471992216
Peter der Kuriose,1,17.68967222365857,386.469659973802,1,0,8.207565707907797,1.7445128184918082
Kasper der Haudegen,1,21.677543200750907,369.8879508502317,1,0,5.022004798126366,1.4909300544816355
Peter der Traurige,1,25.799490142020037,341.23911430115027,1,1,2.979464097539484,2.448465027027763
Petra die Gescheite,1,14.47193571945155,333.5469664899148,0,0,4.524655581590853,2.332026422177554
Peter der Agile,1,20.66875882717473,409.36339353405714,1,0,8.071676593100209,1.81458114729615
Robert der Haudegen,1,13.086568530333595,318.30380105965463,1,0,8.183052957349407,1.589105817243823
Belinda die Gescheite,1,25.869161007377635,400.26965394472506,0,0,6.562230643465715,1.857682194479661
Kunigunde die Schnelle,1,17.604442926478953,452.5678901856231,0,0,1.375587363895836,1.93075605914467
Eva die Sture,1,11.546645797680275,264.9913404194034,0,0,4.939163661735799,1.9858584309998677
Eva die Schnelle,1,25.450477217807297,362.0710734216588,0,0,1.0160680739833716,2.8207127939542818
Petra die Schnelle,1,25.88829752634826,400.6097494086029,0,0,2.994709755987329,2.2572455353071272
Kunigunde die Listige,1,15.401154024523104,308.57457628271294,0,0,0.6863180089049903,2.154983737327838
Sandra die Gescheite,1,11.397220899569191,248.41989311031364,0,0,0.0972351602574972,2.004455572338544
Adalwolf der Agile,1,16.198699237608665,357.28949578187246,1,0,3.1496030283679355,2.58749943108401
Kasper der Haudegen,1,21.54882577567549,349.4544841452445,1,0,3.1715847366823304,2.173706860130556
Robert der Kuriose,1,27.11637717603456,467.772268872494,1,0,7.026064213676709,2.2768515349046243
Robert der Traurige,1,21.735556202407068,376.0728686875661,1,0,6.211623678257141,2.3273673520489697
Kunigunde die Sture,1,10.569276478555054,259.7471671063081,0,0,3.4843123286816704,1.7337310136564748
Adalwolf der Weise,1,13.34616817004724,142.0314483320149,1,1,7.1107363988258285,2.4135697315988174
Herbert der Weise,1,29.19579944791083,340.0187421667146,1,1,5.739107568757395,2.8824173358594143
Kunigunde die Gefrässige,1,14.576247097309547,247.82814577005988,0,0,9.630780074625502,2.325179366969753
Claudia die Gescheite,1,11.99826832654376,157.481403489435,0,0,9.42682707161786,1.9365967640187216
Eva die Lustige,1,14.024938070169672,224.05034588026743,0,0,9.052342236160428,1.5244210788415995
Hanlsli der Agile,1,12.56668501904161,340.6903958661535,1,0,1.2057975500489526,2.26867173428691
Kunigunde die Schnelle,1,17.86308596774375,300.1432460331722,0,0,6.674744496181388,2.065302904325073
Mauro der Kuriose,1,19.513471925022277,337.5806073165778,1,0,3.0166240706906766,1.772568282346026
Herbert der Haudegen,1,23.602263341057725,384.9656803347331,1,0,5.96230175791852,2.430683776081436
Peter der Traurige,1,13.26523647275945,241.64120530503413,1,0,7.963039166356106,2.009643422353939
Peter der Agile,1,27.447236824453224,478.4019215764736,1,0,6.020506689752506,2.2664685407628813
Gerda die Lustige,1,24.47306577198096,396.8050468786933,0,0,9.085069141493385,2.31917126898041
Herbert der Kuriose,1,26.982067608505474,530.8004367898942,1,0,2.747141631361761,2.0411608863817188
Hanlsli der Haudegen,1,13.655867720792704,385.6638346980343,1,0,5.226225861361019,2.1169597677659238
Kunigunde die Lustige,1,27.91893706668696,413.8168208626532,0,0,8.697508215637818,2.781155737059985
Herbert der Haudegen,1,18.9279306341392,361.33483616349065,1,0,1.794851025899089,2.2534379006808525
Petra die Gescheite,1,28.61026124190583,434.9439994142474,0,0,5.573289017319356,1.741295946725846
Adalwolf der Traurige,1,24.547720677832547,556.9340966520451,1,0,1.1796791964986308,2.041934320319771
Belinda die Gefrässige,1,25.80625089713891,451.05755181091314,0,0,6.461519886851872,2.5974031882668216
Kunigunde die Lustige,1,19.91674872256361,391.0396419908858,0,0,5.22068826120176,1.7195066053506165
Gerda die Listige,1,27.034895088916315,540.1920226060565,0,0,0.9625301831975464,2.8457283331947383
Herbert der Weise,1,11.14508183306376,300.9347034073492,1,0,2.4217903821809905,2.5288588333454327
Adalwolf der Traurige,1,23.40371249095719,420.38940250387566,1,0,6.813633424477282,1.6322900737781918
Belinda die Gefrässige,1,20.68176187365241,274.0812293447651,0,1,5.032138275785901,1.0930633803303174
Kasper der Traurige,1,24.62358581786212,349.7856837994279,1,0,8.141855663536763,1.9163925772589352
Kunigunde die Sture,1,23.08194694829461,376.546437928664,0,0,4.881979508005227,2.521176458515088
Belinda die Schnelle,1,25.88517977907424,301.13415323425136,0,1,7.036896144353096,1.6624511934003652
Sandra die Lustige,1,29.62706485325643,521.1113332225899,0,0,1.3362274768426765,2.055970252293984
Adalwolf der Haudegen,1,20.93168074633438,375.70917005820456,1,0,1.415023989868458,3.279616593704315
Robert der Agile,1,14.30389046640794,218.02403378143964,1,1,2.4995981225841266,2.2947024853958395
Adalwolf der Weise,1,24.525448083554025,387.3181507653528,1,0,1.7737038066025246,1.8268313075428575
Sandra die Gefrässige,1,28.563620595356102,361.0512224350899,0,1,0.918847116978374,1.5371419738942604
Belinda die Lustige,1,29.79505469661142,501.89679272465855,0,0,3.183837755459209,2.0769305995464133
Kasper der Haudegen,1,13.603521800036583,289.9279666533998,1,0,9.16992734990173,1.8661629105377768
Claudia die Schnelle,1,11.85089738687564,184.2212929953914,0,0,9.257453284417672,2.1901246908763605
Claudia die Sture,1,15.940993540274391,231.729245938146,0,0,8.297687616633034,1.7489421011129451
Kasper der Haudegen,1,20.59505101193216,294.96247731782097,1,0,7.127889373655155,2.076483356745725
Herbert der Kuriose,1,26.336936518003935,512.8611014941873,1,0,1.5637856305716549,1.428288848350911
Eva die Sture,1,20.752499868648915,316.2238702244426,0,0,8.36248802418529,2.9206132655464825
Hanlsli der Haudegen,1,10.766061112079212,277.97361097592994,1,0,4.698783859819295,1.622927013992954
Eva die Sture,1,19.88023697561943,371.54798946311735,0,0,4.657914992954575,3.010821583112154
Hanlsli der Haudegen,1,28.61701531669546,485.8119941896708,1,0,1.7712502695740395,1.972512620673628
Hanlsli der Faule,1,22.871376366848075,326.3072536407029,1,0,9.446188955290877,1.705505748736816
Sandra die Gescheite,1,29.66628534269978,482.8753958623399,0,0,6.186203007668377,2.137458628322844
Peter der Weise,1,18.499160144498745,299.6455578770549,1,0,5.761612274340926,1.8730006409930515
Herbert der Weise,1,28.032764589274763,496.1144574091858,1,0,5.864329085018301,1.5724717079268222
Belinda die Schnelle,1,16.38081582415784,241.10618739691444,0,0,6.579794268867464,1.9158045498956515
Gerda die Gefrässige,1,23.522475412723598,362.7741051727191,0,0,9.386945632598046,2.6028605645298937
Petra die Schnelle,1,19.459020715130617,349.2963452161103,0,0,4.383292261942286,2.550816835558378
Herbert der Kuriose,1,25.304389145068725,347.7196024386923,1,1,6.27047458175878,1.8308720984501436
Eva die Lustige,1,13.894989755210284,175.00959587312852,0,1,5.274942730579571,1.8642499243875477
Robert der Traurige,1,27.852563063088628,550.8072299308444,1,0,2.7731516496620867,2.0437824784377385
Petra die Listige,1,11.252572763360842,263.69063513711137,0,0,4.642897239173389,1.523473528181825
Gerda die Gescheite,1,16.360365831099465,331.87871629556935,0,0,5.9475540066053725,1.8164832628924463
Peter der Haudegen,1,16.136363829364655,234.9578191240364,1,0,6.044975919637082,1.945786905096054
Kunigunde die Gescheite,1,26.17613324264654,442.1044067559752,0,0,6.065765786765064,1.5438080361358366
Mauro der Traurige,1,26.449511469106003,433.7449969375492,1,0,5.602751751670181,1.6848687815061445
Petra die Lustige,1,24.233168304892352,450.93888971159134,0,0,3.433954893855441,1.5241193745914363
Claudia die Lustige,1,20.134407155601977,279.16504794504453,0,0,9.131357525500905,2.336703749079098
Herbert der Haudegen,1,29.513526358320096,336.26974921099287,1,1,3.422857544009382,1.4167277226674284
Claudia die Gescheite,1,25.37280187598038,450.3372791500144,0,0,2.432753327521573,1.3736186234060292
Robert der Agile,1,14.032850560928129,282.8975408155711,1,0,1.474922792597353,1.7381029140216917
Peter der Weise,1,28.860639422979894,548.2626713306602,1,0,8.001546800053044,1.222431279772122
Sandra die Lustige,1,20.67714969242534,350.36100776198043,0,0,4.984444492318182,2.3115580968197142
Herbert der Haudegen,1,15.128915937559542,396.7861799540689,1,0,0.3442831729059226,1.870766629423121
Petra die Gefrässige,1,19.34939255381492,199.8883062625576,0,1,2.8054896401227483,1.7329458896773715
Robert der Faule,1,27.03839051539959,440.981718681509,1,0,9.972958623025912,1.9525515658016004
Gerda die Lustige,1,20.954042084175708,330.79470467687463,0,0,1.150082996188467,1.1950696808164365
Kasper der Faule,1,29.19639058458258,518.5204109874985,1,0,9.41944655789341,2.137083282230125
Claudia die Sture,1,12.068123409021252,198.1819381128441,0,0,4.6231110364023,1.6734548243196974
Peter der Kuriose,1,24.166569117907635,446.1588901837363,1,0,7.594362466876181,2.0751081422238107
Belinda die Lustige,1,18.506485593131288,366.5681394003257,0,0,3.460911739731185,2.285041285685461
Mauro der Kuriose,1,22.56182509449745,350.58370716065235,1,0,4.9739355357803925,2.4374309844770563
Kasper der Weise,1,22.91900660734078,598.8781560482978,1,0,2.0149503219489984,1.8194434759528444
Adalwolf der Weise,1,11.180731971816884,177.96929423014186,1,0,8.480637832657619,1.9391296580436088
Hanlsli der Weise,1,11.095445031287902,327.8026793783471,1,0,1.3690051229729672,1.5376773535052173
Kunigunde die Listige,1,16.17127209598333,402.3617531869888,0,0,1.7385885892369002,3.3229890944055174
Eva die Lustige,1,25.84752897059395,422.409576825875,0,0,8.678814506489642,2.547320533295966
Adalwolf der Faule,1,29.200873882156607,554.2999253077483,1,0,4.435807868004406,1.1612961183101396
Sandra die Gescheite,1,26.44354981195284,330.7895951942713,0,0,7.279664112325315,1.688409352275006
Gerda die Lustige,1,14.828475114553845,211.50166825245017,0,0,4.282697603486926,3.2993357881285954
Kunigunde die Gescheite,1,29.96928904525288,442.3488128358182,0,1,3.974769798491492,1.4597349416206158
Kunigunde die Sture,1,24.61831727506768,338.19774438453743,0,1,8.172762409813028,2.585761716128021
Claudia die Schnelle,1,21.85197213481637,404.62070645926326,0,0,5.179522041800824,2.4654285046881808
Claudia die Gefrässige,1,28.32166126404282,524.5721065118743,0,0,0.9160587013315014,1.564955018932339
Sandra die Lustige,1,22.780960202583497,344.8764921367174,0,0,3.4995550701262768,2.649287786097896
Kasper der Weise,1,10.64477874589068,255.39427768205127,1,0,0.0371246375464218,1.70065932925188
Adalwolf der Kuriose,1,19.71857116022646,347.7039695379902,1,0,6.279715321785256,1.985068214729548
Hanlsli der Weise,1,20.04652911584185,340.6159873147063,1,0,9.047259418031834,2.3112579486642515
Robert der Kuriose,1,11.055014437210405,227.23468210163213,1,0,8.389955132140479,2.5607105437479336
Herbert der Haudegen,1,11.684735986765858,270.4309552728833,1,0,5.278939349562421,1.1742377011199343
Claudia die Sture,1,10.13377232957475,267.02735583042,0,0,0.4585762253609238,1.52232108519676
Adalwolf der Kuriose,1,24.47224307566694,400.7157281791914,1,0,3.7604566561642416,2.602744261242707
Petra die Listige,1,23.153967096148936,405.1276466723348,0,0,4.424047541969856,1.209820268421648
Petra die Gescheite,1,18.26103077445383,355.25766917636014,0,0,8.770396815950978,3.0961918165076034
Petra die Lustige,1,23.32945545150572,415.9392388961648,0,0,3.535093388801881,2.5108392142294687
Eva die Schnelle,1,18.98853254272976,206.1534006522201,0,1,9.769686955178988,2.748027337784282
Adalwolf der Faule,1,24.61268787707316,369.66495396498345,1,0,3.118031296832454,1.4765694899618222
Mauro der Faule,1,29.74869720288376,493.019278390569,1,0,5.959478805456059,1.0682151324928164
Kasper der Agile,1,25.75938193128436,418.8853647553085,1,0,6.201782818780143,1.7034213769026765
Eva die Gescheite,1,16.976200682754964,357.42806440639947,0,0,0.6332661116881755,1.5986222996081048
Kasper der Weise,1,16.88945373097697,298.6000216379505,1,0,0.4847335737735359,2.8201959374436854
Claudia die Gescheite,1,24.844791792105674,376.496924706631,0,0,7.043330784676762,1.901948517182356
Belinda die Schnelle,1,16.723003052846543,365.70103275799846,0,0,5.52332922210897,2.0520414733016232
Hanlsli der Faule,1,15.393662917376096,339.414253166151,1,0,6.609996665592889,1.5361467285199055
Hanlsli der Agile,1,21.52108617401107,384.0450535057676,1,0,4.817883526019932,1.4011142117908784
Peter der Agile,1,29.687747892192565,557.1156484554024,1,0,0.3180083820269808,2.560310328936233
Gerda die Listige,1,29.18015198072348,388.6960178001253,0,1,8.092129746149915,1.6107682241302168
Kasper der Faule,1,21.523467422364604,451.62379678567066,1,0,4.697916910577167,1.7718760311578778
Adalwolf der Weise,1,20.41406835046883,322.10618380959806,1,0,7.379986392917254,2.2105674516648013
Petra die Sture,1,29.491511527118192,439.6496636726653,0,0,4.343573677663434,2.106405662919236
Kasper der Weise,1,17.626522994883192,389.0150663685369,1,0,4.122296309287632,2.070871889003425
Mauro der Agile,1,20.328328726360247,280.3668308333671,1,1,4.715868991396873,1.97267172764004
Claudia die Listige,1,20.898251240825363,341.68941090459475,0,0,7.824451026341661,1.154830576060196
Hanlsli der Haudegen,1,17.44575041871755,224.05992123171163,1,0,1.3725068460204717,1.9318580393006977
Gerda die Sture,1,16.433873718176102,282.86793560049813,0,1,1.3921546806300011,1.6312609277448011
Eva die Gefrässige,1,18.8205303981719,326.6667070913245,0,0,0.996625440294422,1.6873406043040535
Sandra die Schnelle,1,11.533514313517372,317.31922683253106,0,0,0.3801336867847493,2.6212148724879314
Eva die Schnelle,1,10.733247289601644,240.2823837504822,0,0,6.634964461713178,1.9125032177455457
Robert der Faule,1,10.39804746624986,307.03840623532665,1,0,0.8236378024584634,1.015920021925954
Adalwolf der Faule,1,14.13848583923455,381.7742191013208,1,0,4.489436814914571,1.2341301651941246
Gerda die Gescheite,1,20.481662857437957,418.7046357121575,0,0,3.2101500018276576,1.8418324749774309
Petra die Sture,1,27.84133573696644,416.2901326469878,0,0,9.602627085248304,2.486967284279637
Petra die Gescheite,1,12.160306966438071,261.90823307914104,0,0,5.289421883571145,2.8963000307719278
Herbert der Haudegen,1,20.261260750501357,313.4003480395655,1,0,7.177705757001361,1.9802418146188163
Kunigunde die Listige,1,25.765942875937725,410.7143321142169,0,1,7.167607665468843,1.2808145613128945
Sandra die Lustige,1,21.89492368196112,380.48271432981255,0,0,8.510502331982003,1.6938804369661833
Hanlsli der Agile,1,14.167744247660025,356.6995084040392,1,0,8.150839675540245,1.4762413269214725
Claudia die Listige,1,25.59682679756921,486.46004390301,0,0,4.05196672105205,2.6348427284764684
Herbert der Faule,1,12.075961246007022,262.51698195592405,1,0,8.175834454612193,2.120704660458581
Hanlsli der Kuriose,1,14.874914882753806,339.3319705418639,1,0,3.4329059090546887,2.06489283984554
Hanlsli der Faule,1,22.154208471022663,314.7675952679114,1,0,9.20596661923984,2.1045035822732943
Adalwolf der Kuriose,1,25.234926887123716,475.2093499981757,1,0,1.328585993248863,2.202612696826729
Eva die Schnelle,1,19.95222191765429,337.6788822281142,0,0,5.581685572852906,1.9267302291591908
Kasper der Traurige,1,21.67488653401136,376.1563478139655,1,0,1.3254464901052645,2.315655479465441
Kasper der Haudegen,1,27.52850339382378,437.9130914238714,1,0,3.06649442913302,1.6557446962518565
Petra die Gescheite,1,15.31058889012762,286.85347826725626,0,0,3.6644502695728662,2.4042234809138945
Sandra die Schnelle,1,22.13680247016275,285.3316174074371,0,0,9.642376927539962,1.3575333595668773
Eva die Listige,1,13.081812619842992,299.23174365022464,0,0,8.142962933326167,1.9378640020990177
Herbert der Weise,1,15.417043643002984,341.91622606606904,1,0,3.201147897645593,2.3160834305452718
Belinda die Schnelle,1,14.768841826228869,319.67827381678626,0,0,6.803187129962485,0.982678644565802
Gerda die Sture,1,28.886493412668425,661.0729263262007,0,0,0.1172568297940379,2.4209160324501835
Eva die Schnelle,1,18.6969330888348,319.2513658405948,0,0,2.6315811249933887,2.1665918787271283
Peter der Weise,1,12.635772259961245,285.22915621903246,1,0,4.136395304737146,1.7942822551211617
Claudia die Gescheite,1,11.638056422461531,298.67211438474857,0,0,0.0111607284858206,2.4892045344677056
Claudia die Lustige,1,25.94682785143167,519.3940084940385,0,0,5.266025544578214,1.7158910341967246
Kunigunde die Gescheite,1,22.019034624576257,297.79001629963227,0,1,5.150720750143586,1.9459554546893665
Claudia die Lustige,1,25.573943571290528,366.3608714579833,0,0,2.205852433438731,2.2169897044594844
Sandra die Gefrässige,1,27.529604314548155,467.7205413782792,0,0,6.025506069276161,1.987711097216512
Adalwolf der Weise,1,25.269770848289905,485.1568507527905,1,0,1.0652310701982182,1.6894135788972664
Robert der Faule,1,28.954931900340195,556.3486839334932,1,0,3.3075325631902706,2.362613433202929
Belinda die Schnelle,1,14.69815036104886,356.08605418819093,0,0,3.9691340271074846,2.2701414757608336
Mauro der Haudegen,1,27.46215824863117,523.7440429652338,1,0,4.122444661280622,1.6955215454008736
Sandra die Schnelle,1,18.94524135258802,317.7545328301165,0,0,4.374227630339693,2.111683304829039
Gerda die Gescheite,1,26.031887378406807,466.4807076813562,0,0,0.868841614788729,1.7315043061079485
Claudia die Sture,1,16.226704339563376,343.065865268774,0,1,1.579626385017453,1.7178183571932302
Herbert der Traurige,1,23.72026371866353,410.576533971509,1,0,9.240980611889135,1.9822779859329995
Herbert der Faule,1,28.985706809218787,314.3482242582304,1,0,6.666758138558664,1.953641800627372
Adalwolf der Weise,1,12.04960706940367,234.78640245122656,1,0,9.660992862764584,2.3500988847527493
Eva die Sture,1,23.612848745129234,455.60290259425193,0,0,2.318347862321385,1.65593927471777
Sandra die Lustige,1,28.81770975136727,559.2288166001889,0,0,0.4226636155961505,1.9209632266208816
Robert der Haudegen,1,15.657089866267974,321.7440177219141,1,0,1.7102413827904803,1.9390154397401609
Adalwolf der Agile,1,15.91095899744464,384.70270164098906,1,0,3.900609523286581,2.243830800211026
Belinda die Listige,1,16.641788753029736,338.34532218508406,0,0,3.4339149022950157,2.930011644367365
Kunigunde die Lustige,1,15.591339907649491,227.26876588385588,0,0,5.532586351423687,1.8380752494287556
Sandra die Gefrässige,1,15.71396598655953,342.2433319297013,0,0,4.403929624850945,2.502307672759924
Gerda die Schnelle,1,11.979030856113242,391.2868557591356,0,0,2.2337231130045176,2.012687014375335
Peter der Traurige,1,13.568001382435732,356.5214322885165,1,0,0.2014392960426814,1.7326430449157295
Peter der Faule,1,20.045148534019532,320.23526213432115,1,1,2.610781801217782,1.1779666808620388
Herbert der Agile,1,29.94925550534196,544.7103684541595,1,0,0.2246518580704393,2.393328683364195
Robert der Agile,1,27.490058766725863,371.4024445132629,1,0,7.462148577490097,1.4444940263945538
Gerda die Gescheite,1,21.515377246418318,364.3226989018988,0,0,5.893504992528909,2.153214828335171
Herbert der Haudegen,1,25.58434992746654,401.95052616327257,1,0,4.394875197835071,1.930224229775978
Petra die Schnelle,1,23.689522844236294,428.1452203618749,0,0,1.8138329777121895,1.663335072752814
Sandra die Listige,1,14.937460099161571,332.13892513364686,0,0,7.499938318981524,2.2281649934557195
Mauro der Haudegen,1,19.85391529799873,331.8088845589334,1,0,4.365063377173112,1.7182348247557124
Belinda die Lustige,1,24.530733440144974,473.8901775748256,0,0,8.656655892765077,1.891569114596936
Petra die Sture,1,21.14754904590501,449.024733180768,0,0,7.426556212177807,1.8303152034148864
Adalwolf der Traurige,1,11.323303198310075,222.97335174834245,1,0,5.542243630489353,1.2974451750258131
Mauro der Haudegen,1,20.724557644751076,373.0905229357494,1,0,3.921336184765767,2.878762075941811
Sandra die Sture,1,10.11309902519849,220.8951097018141,0,0,3.949890138305892,1.0713113560775889
Peter der Haudegen,1,15.894913502495264,356.93946695567126,1,0,8.961791821179764,1.83485263285918
Adalwolf der Traurige,1,11.96438216940134,285.8822146928367,1,0,2.842657890995248,2.431328422967012
Belinda die Gescheite,1,26.118556559421155,398.7617724578906,0,0,4.065378019737423,2.4655613759886847
Peter der Agile,1,20.192280827727465,387.3995848993503,1,0,0.3717442873387666,1.533694039730108
Belinda die Schnelle,1,24.61242473027066,361.0106250099996,0,0,5.819788201870222,2.951043292496252
Sandra die Lustige,1,27.736493450925167,562.0724586813684,0,0,1.2477535277223195,1.7559116209461838
Petra die Schnelle,1,29.61294109140937,457.8288133716912,0,0,6.738107435656966,2.09055666728012
Robert der Traurige,1,25.977876958631327,252.84405744603643,1,1,7.9948955503490735,1.7906090196104991
Kasper der Weise,1,22.563177821622137,326.2079631390721,1,1,3.5245964608411398,1.7524269019076923
Belinda die Gefrässige,1,22.307015111148218,483.0151074831077,0,0,0.8255989025468791,1.8121590164827257
Kunigunde die Schnelle,1,25.891720882121135,516.6570702718191,0,0,6.412355906159178,1.9769582703995487
Herbert der Haudegen,1,12.172412348362226,191.1511170177352,1,0,9.711637465894547,1.465011574454079
Claudia die Sture,1,13.392521385897108,323.65582033719335,0,0,7.065368350761963,1.945297187347336
Sandra die Gefrässige,1,13.21912693008709,250.02418739244249,0,0,5.149623771569669,2.265511350225896
Robert der Traurige,1,20.96505754267272,351.5995887030048,1,0,9.365477549541302,2.5443480725282424
Petra die Sture,1,19.033891904307847,359.3703705536568,0,0,8.151099784301389,2.235128549655942
Sandra die Gefrässige,1,14.184478098006824,318.63370918831976,0,0,6.944681810280947,2.485786763306259
Claudia die Schnelle,1,13.16100846133014,259.45170103677145,0,0,8.720370896520887,1.875371501202392
Eva die Sture,1,18.37143835967531,296.21116186199936,0,0,9.851283286769736,1.935724114319894
Hanlsli der Faule,1,23.56735022352495,455.3355338186533,1,0,0.0854159905996365,1.62205740638367
Kasper der Faule,1,19.52693447087237,307.2351977229273,1,0,9.352999112096793,1.87796358180828
Mauro der Agile,1,20.329412758031506,234.57024903069205,1,1,5.905416888029608,1.985564104517896
Sandra die Lustige,1,20.31848666367337,286.02129754061644,0,0,9.140082670860526,1.728538538375063
Petra die Sture,1,16.118350050715502,380.2401577522237,0,0,8.760471427170437,1.936922703945371
Petra die Gescheite,1,15.582656376918466,332.78280848140696,0,0,8.62959313105104,2.033170453618121
Kunigunde die Gefrässige,1,15.272200757770737,354.9036756242174,0,0,4.769499427331253,2.712624167290085
Mauro der Weise,1,22.930822196352903,434.5082323690751,1,0,2.015424385839232,2.004093842483464
Herbert der Agile,1,11.064699305603725,309.5290143991482,1,0,2.991545484236263,2.5569926060209225
Claudia die Schnelle,1,11.995559249699738,304.58728065796834,0,0,8.031294898116341,1.5592168833461106
Gerda die Lustige,1,17.63156542993546,274.88880078653006,0,0,8.500093984902117,2.0431048355787373
Gerda die Schnelle,1,29.150683909310043,498.7954330068546,0,0,3.122919325144784,1.370221413929928
Claudia die Gefrässige,1,23.17164263693997,384.4544342871208,0,0,4.99288469813012,2.4995076911575733
Mauro der Agile,1,17.50587161250919,243.0625378529112,1,0,8.691759589180823,1.983879731420645
Adalwolf der Faule,1,17.53602546217217,389.81878411120135,1,0,5.810256218224707,1.9727710772452265
Kasper der Agile,1,25.75912663176223,410.2841536023992,1,0,9.146189609936672,2.0910908595856674
Herbert der Traurige,1,20.9450581027959,458.01226564649977,1,0,5.141218260501671,1.914891364443165
Petra die Lustige,1,29.650604383905875,528.7106616285818,0,0,5.918911129169749,0.8863033309114987
Adalwolf der Agile,1,28.087855208777288,534.0372788177235,1,0,0.0606485863901096,2.53661759599168
Kunigunde die Schnelle,1,28.625774331352908,481.0920053118433,0,0,4.501636180874056,2.482711248618048
Petra die Gefrässige,1,18.6621762604433,367.78261800244064,0,0,0.3170530814458039,1.715035694123112
Herbert der Faule,1,21.53357601243152,353.6161432826259,1,0,3.99885362243118,2.1913259717495674
Peter der Kuriose,1,10.260783520245727,246.46184024120865,1,0,2.5704601384706685,2.503814089736728
Sandra die Listige,1,22.49851258733738,302.7320541374097,0,0,8.084410306121473,1.9808465432853175
Kasper der Traurige,1,14.605983643050116,326.4444170065404,1,0,5.24179404256946,2.283143537347265
Gerda die Sture,1,26.88289669273604,456.6452157696672,0,0,0.4113326452193366,2.2877228832776337
Peter der Kuriose,1,18.571587738879707,374.0291190138792,1,0,6.283568904359351,1.9963330886509316
Sandra die Sture,1,27.698653528068128,468.8439737752989,0,0,4.2672524437679815,1.2854087005837704
Gerda die Sture,1,13.84067121193638,225.5405619400709,0,0,9.705581184698511,1.856009793730892
Hanlsli der Kuriose,1,21.65462630253245,455.5583832241088,1,0,3.5413156242320323,1.6547885840651575
Peter der Weise,1,11.427937977653617,237.63930539895628,1,0,7.76964503364773,2.053564120443317
Hanlsli der Traurige,1,19.41427066733482,328.8861821323363,1,0,9.292673848796936,2.243354300992829
Herbert der Agile,1,23.914522822662896,420.7025216169255,1,0,5.028303760043489,1.7826538148243052
Adalwolf der Kuriose,1,23.666375593200897,418.0197291594985,1,0,1.333230824687266,2.6502071936279785
Petra die Listige,1,11.816550262348624,255.3668728494112,0,0,4.157067463135399,2.314435902426213
Kasper der Weise,1,11.377388964917127,291.414336671175,1,0,5.949745025786304,2.223814424321879
Petra die Sture,1,19.90709361085244,358.81062824121034,0,0,7.605096756447923,2.272734268556949
Gerda die Schnelle,1,27.4867818077296,340.4228072078256,0,0,7.350358750448064,2.3241837457695507
Hanlsli der Traurige,1,24.74594010055,393.24315909741614,1,0,8.804888709394024,1.8180168231240388
Mauro der Traurige,1,19.989636892959822,439.6414154790709,1,0,0.8263119125276741,1.9866811944003917
Hanlsli der Haudegen,1,22.113065756902323,399.4483038269603,1,0,3.65361040291334,1.1244550410722889
Gerda die Gefrässige,1,24.265473814551296,558.227957546348,0,0,2.4322938185421608,1.936315211660807
Kunigunde die Schnelle,1,23.08074957928837,243.06756723926776,0,0,9.217141239150637,2.009552778584684
Kunigunde die Schnelle,1,25.598823772365915,368.1086091721874,0,0,1.4952027496549023,1.740691378941649
Adalwolf der Kuriose,1,25.24819815614086,344.4443121686318,1,0,9.28093273416439,1.5723728926223806
Peter der Traurige,1,23.82637953900389,401.34556537050776,1,0,5.179020277984612,1.5536212132621403
Belinda die Gefrässige,1,28.33409110208274,522.7826976423003,0,0,7.270144747755683,1.9568574650055957
Mauro der Weise,1,15.382779671680218,266.60563057255945,1,0,1.7533660880291368,1.7503685803027802
Petra die Sture,1,10.783549222784588,243.3135298455973,0,0,7.410582143028115,2.259603949741382
Claudia die Gefrässige,1,22.857125742104092,379.0951271941579,0,0,2.9666071554939144,1.8344949113420248
Adalwolf der Weise,1,16.387378444459095,351.3450822365048,1,0,5.176382463010116,1.8360112350852529
Robert der Traurige,1,16.686129724621104,389.3661096206518,1,0,2.361144688466512,1.917611630267252
Claudia die Schnelle,1,18.056858574164444,395.35128779413606,0,0,6.140102705135177,2.194561952407244
Gerda die Lustige,1,12.148807748675928,158.38589898638594,0,0,9.101670717263652,1.5572350823293144
Herbert der Traurige,1,12.625926556009926,166.95917430571504,1,0,9.689379727380166,1.7805806920934126
Eva die Gescheite,1,10.280406694553044,222.36122743177933,0,0,3.804567002194004,2.12142277847348
Hanlsli der Kuriose,1,27.939098632049983,538.8466206908922,1,0,2.2842534010993223,2.3630528088229585
Gerda die Listige,1,14.359356159729638,287.85730141952456,0,0,7.268146415605289,2.279703266494096
Kunigunde die Lustige,1,17.48558092686278,252.69762410845857,0,0,7.7423911710209,2.1889807904378142
Kunigunde die Listige,1,21.243703519558093,369.6759907190973,0,0,9.435302123467125,1.3714365526710253
Claudia die Gefrässige,1,24.69211366114089,352.4363260348855,0,0,1.544495997000962,2.065085846525717
Petra die Gefrässige,1,14.724361548823978,276.924189239768,0,1,1.89274164144817,2.027141933117476
Petra die Lustige,1,13.013637679486887,144.1317311913723,0,1,9.560807374604137,1.9114395831291588
Hanlsli der Faule,1,20.41679509882438,405.8629450882865,1,0,1.7504205518302918,2.8788729446129944
Claudia die Sture,1,25.133837938104016,378.5500736897304,0,1,0.5897595949370538,1.981770252315108
Kunigunde die Schnelle,1,25.857949048967185,332.0510541955916,0,1,6.3418724060995295,2.1676501600362346
Belinda die Listige,1,25.622302990076392,401.1933533853452,0,0,7.140244072562743,3.0871760784924005
Adalwolf der Haudegen,1,15.52537072095128,321.78147226398994,1,0,5.865322107072134,2.475845368919204
Kunigunde die Listige,1,25.903484118540817,415.7907292967004,0,0,8.168850952728699,2.656196712659105
Gerda die Gescheite,1,24.6921708583404,327.4628524654576,0,1,3.0262743604808104,2.043391344795137
Mauro der Traurige,1,28.38490735751279,441.5965834968478,1,0,4.810235311635114,1.838098101993616
Belinda die Listige,1,14.447013272430286,272.3778713175012,0,0,0.8699697861521793,1.794147381566619
Gerda die Gescheite,1,25.76909654827141,500.7728772811676,0,0,2.3700457802144346,3.4829221193056146
Kunigunde die Listige,1,14.977123036353534,310.4842465564385,0,0,1.8778187782368336,0.829265300922674
Petra die Listige,1,13.049353860654726,206.27565095889395,0,0,7.761449803413357,2.4446260466481524
Belinda die Schnelle,1,18.15898689703714,294.88566809607346,0,0,3.3722537855727017,2.505793919100291
Petra die Gefrässige,1,20.510819186886792,398.526928184621,0,0,8.437400832147219,1.801147929504224
Peter der Faule,1,19.004395372626316,383.9106448352962,1,0,5.966390211210307,2.041239566260444
Herbert der Weise,1,12.350463027331005,317.5562068594587,1,0,3.550445879155584,1.536390413474019
Peter der Kuriose,1,21.72639883326654,402.1592391332288,1,0,5.24575979816712,2.114749512856926
Petra die Listige,1,23.50572417880525,351.8258556762537,0,0,2.6547252519235585,1.4396262090614158
Sandra die Lustige,1,24.12943428228292,431.8464207632733,0,1,2.50389386904212,2.751058023306284
Robert der Haudegen,1,12.05265278978266,321.14663093321093,1,0,0.4330262628154191,2.238372237333867
Gerda die Sture,1,13.77637328141818,241.4163766554238,0,1,4.319273387350233,2.0043253640786136
Hanlsli der Weise,1,14.043312746743602,237.63864532268667,1,1,1.643667252726447,2.2729297530843167
Hanlsli der Kuriose,1,22.876639729220777,409.621150970309,1,0,6.099700952105678,2.028268467912664
Eva die Gescheite,1,16.562599038351507,389.068994491185,0,0,0.9067976828218394,1.9560123178181117
Kasper der Haudegen,1,25.09838237120809,436.7744540087685,1,0,6.239035183944752,2.4925442091979857
Petra die Sture,1,12.369766126198972,246.7585925139474,0,0,1.559273146474458,1.993419008380502
Petra die Lustige,1,10.334409922654569,254.38995590129963,0,0,3.3753639450752937,1.9711410895212105
Claudia die Lustige,1,19.039836553384216,147.27988998121555,0,1,7.558301293485031,2.885217700552142
Mauro der Weise,1,10.583037590847354,137.73882010842289,1,0,8.090377777458869,2.110976627958975
Gerda die Sture,1,29.1980115633808,533.79618033143,0,0,1.9579777714192348,1.2809991251004278
Petra die Listige,1,23.32077008031041,487.10073469630186,0,0,0.3288199146435211,1.8529768833514464
Kunigunde die Gescheite,1,27.401629284241796,451.4657317459466,0,0,7.825494745241807,2.3336931997347814
Claudia die Gefrässige,1,11.566650131446163,238.1534950067575,0,0,7.661806461353279,2.056255889147551
Robert der Haudegen,1,15.228950031988226,367.8381355851618,1,0,3.774903506259867,2.104740004050349
Gerda die Sture,1,29.5061885492108,514.4942503016572,0,0,2.99400750762318,1.368187487060601
Gerda die Gefrässige,1,25.819224110932037,518.0740982719865,0,0,4.526141137643752,1.6342265900897837
Adalwolf der Agile,1,12.713850457313834,324.4904409571124,1,0,1.943001566512195,2.144306213114721
Petra die Sture,1,13.100723117253407,151.66374919919005,0,1,9.863144000151486,1.4342258416970235
Gerda die Schnelle,1,21.696850294814222,346.85448364865294,0,0,8.919170271075183,1.9244864789112632
Kunigunde die Listige,1,21.618558022288347,418.8543689307701,0,0,4.842079836497396,2.533822631826306
Gerda die Gescheite,1,18.898214029445136,304.24020604554147,0,0,5.07504345134095,2.317976798094677
Kunigunde die Sture,1,26.332414039473733,471.3003401349775,0,0,4.1194852032753735,2.804780800887249
Kasper der Faule,1,26.29769714148942,431.0085347400514,1,0,1.1700321734242036,1.568291528025047
Adalwolf der Faule,1,21.66899577592944,402.7263160313979,1,0,3.6396202163320615,1.6312438593350618
Kasper der Agile,1,16.641839761182815,376.98765968251496,1,0,2.024767047694944,1.5642267068250812
Eva die Listige,1,27.039626963162117,282.172717113865,0,1,2.779533097886391,1.817506106470549
Gerda die Lustige,1,16.60914821912303,210.53293520231745,0,0,9.716261240784156,2.018469293675893
Eva die Schnelle,1,29.08613375093523,450.17001678016175,0,0,4.565670497821033,1.6582860146161331
Claudia die Lustige,1,29.421016123136376,524.2558076559721,0,0,2.2056604377078424,1.6742603817712816
Hanlsli der Weise,1,16.97471954097894,386.3283067551217,1,0,5.577885065371589,1.994472001888694
Kasper der Agile,1,24.936613598061324,345.071114784017,1,0,9.207560787911463,1.6078840374721737
Herbert der Traurige,1,27.294944456431928,621.033461829029,1,0,2.9575557534378403,1.7411126887791666
Kunigunde die Gefrässige,1,15.265880869975634,382.9431511478179,0,0,2.377619166478807,1.3156311858628076
Eva die Schnelle,1,19.40217147569731,462.9145143486909,0,0,1.322045952391262,1.5220362321624283
Hanlsli der Agile,1,24.68779260391621,359.723921133125,1,0,8.40958961935309,1.633215456979348
Peter der Agile,1,17.670889701344116,344.58450508451847,1,0,5.7212175292527165,1.6086550566004734
Robert der Kuriose,1,12.081799369506864,219.2591892111444,1,0,5.444037400813439,1.95151236699238
Herbert der Weise,1,17.74947199966084,350.47815466513595,1,0,1.2569930076163038,1.582827085316788
Kasper der Haudegen,1,19.23532340481901,355.0650194224299,1,0,6.449810100221828,3.193832672440709
Herbert der Weise,1,15.77117704408307,313.46929754044186,1,0,7.72441100931468,1.8925487986428555
Gerda die Listige,1,11.647546735025784,249.15234565858788,0,0,7.477697247662846,1.93118601961672
Peter der Haudegen,1,28.915961671963387,481.2469405031182,1,0,1.886630112163259,1.7669101514249042
Eva die Schnelle,1,28.8617196949542,420.8434401198296,0,0,8.921132132265058,2.2637246680574448
Robert der Faule,1,18.779947961407608,229.49959872046244,1,0,8.70276536519882,1.3119911082810083
Adalwolf der Traurige,1,29.156135749016546,413.2890086184968,1,0,1.358673540100892,2.113284032366479
Mauro der Kuriose,1,18.13915736381906,357.6459400763513,1,0,6.657222478758963,2.022515022997052
Herbert der Faule,1,27.106652674527144,329.0661131291479,1,0,7.436796667172353,1.6785184710283771
Herbert der Faule,1,27.07766781132832,413.3007361117943,1,0,8.878702431873272,1.5487266589423485
Sandra die Sture,1,19.21399393802197,426.6702265415213,0,0,4.397946498440447,2.24698614269777
Belinda die Gescheite,1,22.727616023196862,515.1247977406849,0,0,2.5122310394463288,2.694848299135083
Adalwolf der Agile,1,18.124711513779253,384.7761726816631,1,0,0.607993247522346,2.2830429528500886
Kasper der Weise,1,20.78039779232733,321.9286070368531,1,0,2.974195215689306,1.6608366307627709
Claudia die Lustige,1,18.612181935812345,297.38392468693263,0,0,6.9823558346008605,2.046004704433002
Kunigunde die Gefrässige,1,29.28498193606869,512.9433044044883,0,0,0.366597716443271,1.0906274261903492
Petra die Schnelle,1,13.792668874859377,275.8368716606518,0,0,6.8465121915436455,1.6460115747101751
Robert der Faule,1,19.68687729436312,443.6631382493473,1,0,0.8709730935294857,2.756097303015471
Eva die Gescheite,1,28.40420388081369,575.4877903411832,0,0,0.6755317198186761,1.5311283024749829
Eva die Gescheite,1,14.739030864869944,324.26657475724267,0,0,4.269652641703049,1.9210259092630304
Claudia die Listige,1,23.44969298959591,338.7612646979473,0,0,6.1763371991147045,1.7363440948028197
Claudia die Gescheite,1,15.984125028957854,332.54827367291904,0,0,2.591274757212847,1.740645746035303
Herbert der Kuriose,1,19.00220628472374,387.1338107730662,1,0,0.3018125435131513,2.671872015842917
Sandra die Sture,1,17.423242385880556,254.14193662805388,0,0,4.092348861743588,1.0276053956802431
Sandra die Lustige,1,13.907815132642384,292.1159672160595,0,0,5.887946892578104,2.155520007915623
Kunigunde die Listige,1,13.29543629530333,381.5335077089093,0,0,5.889588319878664,0.6419439761157628
Mauro der Weise,1,17.3988761025926,251.6887074424164,1,0,4.663823382297164,2.595919847239471
Sandra die Gescheite,1,10.520085951527282,206.197414274094,0,0,6.931247059453836,1.1918661866342866
Gerda die Lustige,1,14.56831370590046,280.0175255623911,0,0,7.93165149728596,1.338043756388627
Adalwolf der Agile,1,22.815821395001866,428.5781905693681,1,0,9.61966636125643,2.0996403977314557
Claudia die Lustige,1,18.444922472203704,363.4439155082467,0,0,1.888043323777108,3.3235769465830627
Sandra die Sture,1,18.507951204495622,328.8539208970494,0,0,9.949393132648488,1.3876498883477255
Gerda die Lustige,1,14.704648981610816,382.17414927578994,0,0,1.87544335872766,1.6358246586548926
Gerda die Schnelle,1,10.044169947915911,276.8771925016617,0,0,2.051442482994457,1.9255363002714208
Sandra die Sture,1,23.439856035042062,390.2368238208704,0,0,0.8222634172879195,1.6099050161284558
Petra die Schnelle,1,15.498963590551424,251.96318341765567,0,1,7.189926847251426,0.7990696266078507
Gerda die Lustige,1,29.03386381170786,431.9754790021418,0,0,2.2944912659073537,1.9279093820092272
Mauro der Haudegen,1,13.709596659586364,209.59118467508387,1,0,6.752853298105686,1.7649830841980312
Eva die Gefrässige,1,28.94268679467528,495.7670984394127,0,0,5.9498529080983245,2.79096217964601
Kunigunde die Lustige,1,25.779915249645555,384.5293206312178,0,1,5.57238232674128,2.186106847188097
Belinda die Gefrässige,1,21.770446579311443,450.4376467888257,0,0,0.8791136615049733,1.9014762863919896
Kunigunde die Gescheite,1,13.648646776909931,423.8385587321208,0,0,2.109389600346585,2.575164341055332
Eva die Listige,1,22.323615482660752,480.3406592168864,0,0,0.092360089971536,2.3510773665038798
Mauro der Weise,1,20.56589792195699,398.7680813143284,1,0,4.160651722219345,0.7253829365350042
Petra die Schnelle,1,21.689138472019188,229.37092621317956,0,1,8.059380118516636,1.7278520150037515
Eva die Listige,1,29.912374197664334,506.3941994070616,0,0,1.3854555375551936,2.379729756533865
Belinda die Listige,1,19.57051660911489,429.748794098323,0,0,2.5320386188725417,1.5450892009005175
Petra die Lustige,1,17.62703973137327,342.3650436689602,0,0,2.2544272852614644,1.5331653859957748
Peter der Traurige,1,16.960159578229668,378.8026025344743,1,0,6.30967214056456,2.3819094759282677
Sandra die Listige,1,13.136084206811836,241.01237311740323,0,0,2.1202889834748992,1.9224560918315057
Claudia die Gefrässige,1,29.870230982052835,359.7091914133356,0,1,7.251746890179101,1.557398205242485
Kunigunde die Lustige,1,28.04909940614007,433.09282335532026,0,0,2.9853965127505253,1.833182568242684
Gerda die Sture,1,26.38124095532872,375.21887608515095,0,0,8.189836636281774,1.7369871712349063
Robert der Kuriose,1,29.794983133777595,480.767949086997,1,0,6.309632846817562,2.144673144454018
Gerda die Listige,1,16.903512802837817,214.96937392066204,0,0,9.927276435674234,1.716555601533717
Gerda die Lustige,1,15.970416869485266,253.49756448039795,0,0,9.592857906084012,1.7792875245010094
Gerda die Schnelle,1,13.48355736483958,259.65000261613653,0,0,4.267530694128032,3.046856558007605
Eva die Listige,1,25.442241658378222,449.83626394564095,0,0,0.0542068846707943,1.4030469359605644
Belinda die Gefrässige,1,11.933685309156058,345.97858024591096,0,0,1.3852754208792084,1.551051967014557
Claudia die Lustige,1,24.926794862621705,491.9672668488964,0,0,8.936305151662499,1.6520954795422993
Herbert der Haudegen,1,10.98446222830351,198.59229590348315,1,0,6.905872361763467,2.59760189017341
Kasper der Haudegen,1,22.03202044882246,432.8020290988472,1,0,0.5138577705811465,1.4589211264577648
Gerda die Sture,1,28.147152190657856,501.7047093428984,0,0,5.13485159137127,2.30731751804908
Claudia die Gescheite,1,14.282373425487991,334.2188137248244,0,0,2.719485774934133,1.8774180525994448
Kasper der Agile,1,23.54604111708508,375.9715580891746,1,0,6.398600512950857,2.810989978056852
Gerda die Gescheite,1,22.426960110227448,327.8733925975739,0,0,8.203096978281872,1.451682490432534
Gerda die Schnelle,1,24.88762378417177,422.2146322880513,0,0,2.034899038464389,2.1598328456859544
Gerda die Sture,1,21.351788717912918,353.28093254554284,0,0,5.081476323133105,2.151128169723092
Herbert der Kuriose,1,12.730033486731273,178.62631803178107,1,1,7.927530092771736,0.7062383362944105
Claudia die Gescheite,1,25.861533182612604,477.8887886748018,0,0,0.3733868277059615,1.5277454051766974
Robert der Weise,1,10.172734242341903,248.40229467560792,1,0,3.1049823870345863,1.610787679423692
Gerda die Listige,1,22.682063421071277,364.5756569565808,0,0,1.894827336432987,2.4171432484377657
Eva die Schnelle,1,12.039985748957038,252.9604300664521,0,0,9.698201715674363,1.2690389716290107
Mauro der Kuriose,1,10.899471622758634,208.6854993259826,1,1,6.744325617433445,2.318241119535015
Kunigunde die Gefrässige,1,12.442284138220984,228.7675793069982,0,0,8.877951646015156,2.247190427617256
Kasper der Weise,1,14.913749017407326,274.91459642502105,1,0,5.808411283370116,1.7785299012568854
Claudia die Schnelle,1,21.604526031344832,429.0219372464636,0,0,0.6815683469487632,1.8303538878750711
Claudia die Gescheite,1,20.6249385003917,401.5794519698693,0,0,1.0570827166089236,1.6733415877834568
Robert der Weise,1,12.668796827966291,227.25313026868696,1,0,9.360708959710252,1.7182086218652304
Claudia die Gescheite,1,24.745697030446525,389.9450847384085,0,0,4.63866863020825,2.1020372194394863
Adalwolf der Haudegen,1,18.701206571669907,360.8957609192829,1,0,7.227110415543098,3.421439100433488
Eva die Lustige,1,14.82052449376825,243.93334632931789,0,0,4.976342997867524,1.8069742759662648
Mauro der Kuriose,1,28.878956662037893,490.4613463192311,1,0,9.92820327281362,2.361374715587379
Kunigunde die Schnelle,1,17.189814972291295,263.5223567040505,0,0,7.669382952802301,0.9740758059750114
Petra die Sture,1,10.635108833177558,160.3412280904597,0,0,7.165866162679308,1.5435010782783667
Kasper der Agile,1,19.985275513613928,420.893729864006,1,0,4.208015646925194,2.9141322508315834
Gerda die Listige,1,25.81746442973143,460.9766613782761,0,0,1.3943453641669057,1.7242618895571122
Robert der Weise,1,26.340256751302416,351.4089908785144,1,0,7.973986956398168,1.2639161925197302
Kunigunde die Gefrässige,1,22.075600897580525,469.9011176279191,0,0,0.2631684040074789,2.3024824218364217
Gerda die Gefrässige,1,26.158927406915826,351.12666677513533,0,0,4.947825181623816,2.262968562926642
Peter der Kuriose,1,17.071453884305285,249.68110689478937,1,1,3.720097132879021,2.0981427324926654
Adalwolf der Faule,1,15.50433148509385,177.21753580684765,1,0,9.69522592403216,2.505444676177501
Robert der Kuriose,1,21.87583541974574,350.03249925475944,1,0,9.666653696913972,2.227034083982768
Robert der Agile,1,19.818796235896336,384.7454031288,1,0,7.707891301833328,2.3560062497883814
Belinda die Sture,1,10.784850536371406,137.26655546108202,0,0,8.021586338400617,1.8530831962239576
Belinda die Gescheite,1,21.88184402037163,463.3286684172783,0,0,1.9064423149035412,2.891549874002133
Adalwolf der Traurige,1,14.154613027083329,273.6272510447027,1,0,4.3092739918760135,1.115374609688466
Adalwolf der Weise,1,13.839966230872369,163.97392530208552,1,1,5.568599144547745,2.684232924897469
Sandra die Gefrässige,1,29.766889115506768,461.6836358830308,0,0,0.971160448734536,2.9406540064213385
Kunigunde die Schnelle,1,22.18943686603265,391.0617285520907,0,0,9.25589030135782,1.9615510662376523
Petra die Gefrässige,1,19.76554981056848,441.08769670295584,0,0,3.025301034710691,1.3551213879783788
Kunigunde die Schnelle,1,17.944215291826268,324.4683698919858,0,0,4.066935343798782,1.7265338094262064
Herbert der Kuriose,1,16.90453266348057,319.2702385255451,1,0,1.7234857808000303,2.6203836230645576
Claudia die Schnelle,1,20.05503972267689,304.6860519435112,0,0,2.106785238253007,1.4478393865025363
Hanlsli der Traurige,1,20.749444170326814,248.20659419515383,1,0,9.821074013347502,2.732879546089732
Kunigunde die Lustige,1,28.961071824131626,429.74906046388185,0,0,5.607880400934806,2.60515151033908
Kasper der Haudegen,1,14.87792841512892,276.4151182649789,1,1,1.6255024783244951,2.096781398781187
Kasper der Traurige,1,20.79848987947885,267.525776339087,1,1,3.9525591878390767,1.8492829339463688
Petra die Listige,1,20.56466015915137,379.8299449115176,0,0,5.934718935800251,2.709835007014597
Claudia die Gescheite,1,23.152478327039542,348.446802964074,0,0,3.737384136036188,2.0244657615089414
Kasper der Agile,1,24.054512387491577,458.57790182751575,1,0,1.1182273999097905,1.7219758144920831
Eva die Lustige,1,27.57521188506673,396.69783333087264,0,0,4.577473679415213,1.605444808042351
Mauro der Faule,1,14.276166162765977,347.60246514735235,1,0,1.793720246526893,1.581325383791428
Peter der Agile,1,15.63393014017968,144.41159747152352,1,1,4.995500772317289,1.9063765104455004
Herbert der Faule,1,23.720168355369864,437.23258280117216,1,0,2.825648837209794,2.162615951018662
Claudia die Listige,1,22.787530909573945,366.3141611014339,0,0,4.546285230107163,1.711082837231745
Gerda die Gescheite,1,13.680794351177816,119.0324544070927,0,1,9.029780011774054,1.5573279535152968
Claudia die Schnelle,1,11.224503257611104,206.02054591085172,0,0,4.85310197112513,2.0235292644327965
Mauro der Kuriose,1,20.754658984225287,338.9990416858266,1,0,7.381122259815371,1.5021355529775022
Robert der Agile,1,23.67871302205183,465.4898345346074,1,0,6.366843890080843,1.4672100970363575
Adalwolf der Faule,1,27.215976450649947,278.1206855454855,1,1,6.217734098005636,2.4488239720393774
Peter der Weise,1,16.841999040560403,395.2171940154161,1,0,5.380958141437534,2.514070988815659
Peter der Faule,1,27.388426162440787,483.20247016874737,1,1,2.3483095162971503,1.509039949277098
Petra die Sture,1,28.69791912143572,460.2381124797743,0,0,8.879233393834953,1.7113464972382264
Hanlsli der Agile,1,13.63201909305494,187.6951262731447,1,0,9.605990864629538,1.4929219474359785
Herbert der Faule,1,29.27227434393481,444.088104535334,1,0,8.620030631817889,1.836675798196421
Eva die Gefrässige,1,20.27825390860185,282.8383909359017,0,0,8.47745378048892,1.665790060270608
Belinda die Gefrässige,1,29.92926843350568,497.18107354942345,0,0,9.002165199995465,2.342501516585245
Kunigunde die Gescheite,1,12.15830725454138,304.3156911893696,0,0,2.488227294870462,1.891972202835912
Robert der Traurige,1,26.319289864587148,484.3058479391854,1,0,6.356943551045104,1.2206250802772591
Belinda die Listige,1,16.23353403931645,200.84877217970975,0,1,2.8132183694505573,3.078242452697742
Claudia die Schnelle,1,28.849934090460188,460.9947683552903,0,0,8.780407263793382,2.424493404450498
Herbert der Faule,1,18.184899836841325,418.5149692123909,1,0,3.491630276634917,1.9834995370273731
Petra die Schnelle,1,23.177773367160057,421.3154052790702,0,0,1.8133803984176144,1.618565210066403
Robert der Traurige,1,19.722890096209994,403.3501459129646,1,0,0.2748195915027862,2.4685443626203862
Kunigunde die Lustige,1,26.00720272270709,420.59248049440674,0,0,1.8957510264434372,2.9928067263373226
Petra die Listige,1,23.431774959731957,372.95095350951465,0,0,6.341354878400888,2.287142939647472
Belinda die Gefrässige,1,27.41174835819788,490.9007637115205,0,0,3.988460164744907,1.799559777937929
Mauro der Weise,1,10.203506256143331,259.19595085691225,1,0,7.792980876540487,3.1430040975623443
Robert der Agile,1,28.94317404906513,383.9367836401461,1,1,3.9787453890515225,1.7508806829362604
Belinda die Gescheite,1,10.332643406996098,278.3809050368728,0,0,5.652686585946412,2.5353282563747856
Kasper der Haudegen,1,13.701815778669763,342.93130270920466,1,0,5.364594685736664,2.174058305586286
Eva die Gefrässige,1,25.04455632701258,376.6587201427224,0,0,5.810684406058324,1.6986113612900622
Eva die Lustige,1,29.131933076695304,539.7250569493294,0,0,7.364938662831712,1.8953430404821088
Eva die Lustige,1,29.457299837063317,449.1154589214591,0,0,8.263400420715882,2.684569203395573
Claudia die Schnelle,1,14.584215205275887,381.9661992210108,0,0,2.673040776966169,2.2018587841354837
Mauro der Faule,1,18.551046098791844,330.7984851239693,1,1,6.339810104776444,1.6682645476960938
Adalwolf der Haudegen,1,20.973517214266792,491.07309472221056,1,0,0.3146299272912778,1.307317929156239
Kasper der Agile,1,25.26683242931345,476.0323569729424,1,0,6.05674342707494,1.352978592372359
Gerda die Sture,1,16.091401171804183,339.92460087418056,0,0,6.720598663248269,1.851278499368356
Gerda die Lustige,1,19.486373242756105,306.64407850676326,0,0,6.86769214440381,1.7858260432369697
Petra die Gefrässige,1,11.79548562148476,400.6967031311888,0,0,6.0871360889048,2.482138046262249
Eva die Sture,1,16.653434693540834,238.5222056023764,0,0,3.061960271144324,1.7061489327746906
Gerda die Schnelle,1,16.44480376615496,405.129917475758,0,0,8.677476019587292,1.7483759425539316
Petra die Gescheite,1,17.63100297734895,158.67878092424175,0,1,0.9100921446341148,2.24304022495642
Adalwolf der Haudegen,1,26.673172721894257,432.70257417287735,1,0,1.933193789195217,2.0748985033219616
Petra die Lustige,1,18.61753071430657,231.25502864917857,0,0,4.973924055751715,2.1932995060399048
